,name,random_hypothesis,trace_length,n_assumptions,n_guarantees,n_violations,av_variables_in_violations,min_var_in_violations,max_var_in_violations,av_temporals_in_violations,min_temp_in_violations,max_temp_in_violations,n_assumption_realizability_checks,n_guarantee_realizability_checks,av_min_solutions,n_weakened_assumptions,n_weakened_guarantees,learning_time,result,file,timestamp,learner,temporals
0,Minepump,True,1,2,2,1,2.0,2,2,2.0,2,2,1,2,0,1,0,11.948785305023193,Realizable,../Translators/output-files/rq_files/minepump_fixed0_fixed228.spectra,2022-10-05 09:20:19,FastLAS,True
1,Minepump,True,1,2,2,1,2.0,2,2,2.0,2,2,1,1,0,1,0,8.831435918807983,Realizable,../Translators/output-files/rq_files/minepump_fixed0_fixed229.spectra,2022-10-05 09:20:19,FastLAS,False
2,Minepump,True,1,2,2,1,2.0,2,2,2.0,2,2,1,2,0,1,0,11.685001850128174,Realizable,../Translators/output-files/rq_files/minepump_fixed0_fixed230.spectra,2022-10-05 09:20:19,FastLAS,True
3,Minepump,True,1,2,2,1,2.0,2,2,2.0,2,2,1,1,0,1,0,9.889525890350342,Realizable,../Translators/output-files/rq_files/minepump_fixed0_fixed231.spectra,2022-10-05 09:20:19,FastLAS,False
4,Minepump,True,1,2,2,1,2.0,2,2,2.0,2,2,1,2,0,1,0,12.110744714736938,Realizable,../Translators/output-files/rq_files/minepump_fixed0_fixed232.spectra,2022-10-05 09:20:19,FastLAS,True
5,Minepump,True,1,2,2,1,2.0,2,2,2.0,2,2,1,1,0,1,0,9.155613422393799,Realizable,../Translators/output-files/rq_files/minepump_fixed0_fixed233.spectra,2022-10-05 09:20:19,FastLAS,False
6,Minepump,True,1,2,2,1,2.0,2,2,2.0,2,2,1,1,0,1,0,9.13658881187439,Realizable,../Translators/output-files/rq_files/minepump_fixed0_fixed234.spectra,2022-10-05 09:20:19,FastLAS,True
7,Minepump,True,1,2,2,1,2.0,2,2,2.0,2,2,1,1,0,1,0,8.987686157226562,Realizable,../Translators/output-files/rq_files/minepump_fixed0_fixed235.spectra,2022-10-05 09:20:19,FastLAS,False
8,Minepump,True,1,2,2,1,2.0,2,2,2.0,2,2,1,1,0,1,0,9.655128717422485,Realizable,../Translators/output-files/rq_files/minepump_fixed0_fixed236.spectra,2022-10-05 09:20:19,FastLAS,True
9,Minepump,True,1,2,2,1,2.0,2,2,2.0,2,2,1,1,0,1,0,13.276143312454224,Realizable,../Translators/output-files/rq_files/minepump_fixed0_fixed237.spectra,2022-10-05 09:20:19,FastLAS,False
10,Minepump,True,1,2,2,1,2.0,2,2,2.0,2,2,1,2,0,1,0,15.095800161361694,Realizable,../Translators/output-files/rq_files/minepump_fixed0_fixed238.spectra,2022-10-05 09:20:19,FastLAS,True
11,Minepump,True,1,2,2,1,2.0,2,2,2.0,2,2,1,1,0,1,0,13.683619737625122,Realizable,../Translators/output-files/rq_files/minepump_fixed0_fixed239.spectra,2022-10-05 09:20:19,FastLAS,False
12,Minepump,True,1,2,2,1,2.0,2,2,2.0,2,2,1,1,0,1,0,17.40463876724243,Realizable,../Translators/output-files/rq_files/minepump_fixed0_fixed240.spectra,2022-10-05 09:20:19,FastLAS,True
13,Minepump,True,1,2,2,1,2.0,2,2,2.0,2,2,1,1,0,1,0,11.379961490631104,Realizable,../Translators/output-files/rq_files/minepump_fixed0_fixed241.spectra,2022-10-05 09:20:19,FastLAS,False
14,Minepump,True,1,2,2,1,2.0,2,2,2.0,2,2,1,2,0,1,0,13.888489007949829,Realizable,../Translators/output-files/rq_files/minepump_fixed0_fixed242.spectra,2022-10-05 09:20:19,FastLAS,True
15,Minepump,True,1,2,2,1,2.0,2,2,2.0,2,2,1,1,0,1,0,10.585564136505127,Realizable,../Translators/output-files/rq_files/minepump_fixed0_fixed243.spectra,2022-10-05 09:20:19,FastLAS,False
16,Minepump,True,1,2,2,1,2.0,2,2,2.0,2,2,1,1,0,1,0,10.58005404472351,Realizable,../Translators/output-files/rq_files/minepump_fixed0_fixed244.spectra,2022-10-05 09:20:19,FastLAS,True
17,Minepump,True,1,2,2,1,2.0,2,2,2.0,2,2,1,1,0,1,0,10.508809328079224,Realizable,../Translators/output-files/rq_files/minepump_fixed0_fixed245.spectra,2022-10-05 09:20:19,FastLAS,False
18,Minepump,True,1,2,2,1,2.0,2,2,2.0,2,2,1,2,0,1,0,13.596200942993164,Realizable,../Translators/output-files/rq_files/minepump_fixed0_fixed246.spectra,2022-10-05 09:20:19,FastLAS,True
19,Minepump,True,1,2,2,1,2.0,2,2,2.0,2,2,1,1,0,1,0,11.06532335281372,Realizable,../Translators/output-files/rq_files/minepump_fixed0_fixed247.spectra,2022-10-05 09:20:19,FastLAS,False
20,Minepump,False,1,2,2,1,2.0,2,2,2.0,2,2,1,1,0,1,0,10.999783039093018,Realizable,../Translators/output-files/rq_files/minepump_fixed0_fixed248.spectra,2022-10-05 09:20:19,FastLAS,True
21,Minepump,False,1,2,2,1,2.0,2,2,2.0,2,2,1,1,0,1,0,10.42681360244751,Realizable,../Translators/output-files/rq_files/minepump_fixed0_fixed249.spectra,2022-10-05 09:20:19,FastLAS,False
22,Minepump,False,1,2,2,1,2.0,2,2,2.0,2,2,1,3,0,1,0,17.667560338974,Realizable,../Translators/output-files/rq_files/minepump_fixed0_fixed250.spectra,2022-10-05 09:20:19,FastLAS,True
23,Minepump,False,1,2,2,1,2.0,2,2,2.0,2,2,1,1,0,1,0,10.47747015953064,Realizable,../Translators/output-files/rq_files/minepump_fixed0_fixed251.spectra,2022-10-05 09:20:19,FastLAS,False
24,Minepump,False,2,2,2,1,2.0,2,2,2.0,2,2,25,2,0,1,0,94.4516077041626,Realizable,../Translators/output-files/rq_files/minepump_fixed0_fixed252.spectra,2022-10-05 09:20:19,FastLAS,True
25,Minepump,False,2,2,2,1,2.0,2,2,2.0,2,2,1,1,0,1,0,10.488197565078735,Realizable,../Translators/output-files/rq_files/minepump_fixed0_fixed253.spectra,2022-10-05 09:20:19,FastLAS,False
26,Minepump,False,2,2,2,1,2.0,2,2,2.0,2,2,11,1,0,1,0,41.536221742630005,Realizable,../Translators/output-files/rq_files/minepump_fixed0_fixed254.spectra,2022-10-05 09:20:19,FastLAS,True
27,Minepump,False,2,2,2,1,2.0,2,2,2.0,2,2,1,1,0,1,0,10.492132186889648,Realizable,../Translators/output-files/rq_files/minepump_fixed0_fixed255.spectra,2022-10-05 09:20:19,FastLAS,False
28,Minepump,False,2,2,2,1,2.0,2,2,2.0,2,2,4,2,0,1,0,22.96772599220276,Realizable,../Translators/output-files/rq_files/minepump_fixed0_fixed256.spectra,2022-10-05 09:20:19,FastLAS,True
29,Minepump,False,2,2,2,1,2.0,2,2,2.0,2,2,1,1,0,1,0,10.550379514694214,Realizable,../Translators/output-files/rq_files/minepump_fixed0_fixed257.spectra,2022-10-05 09:20:19,FastLAS,False
30,Minepump,False,2,2,2,1,2.0,2,2,2.0,2,2,4,2,0,1,0,22.551252365112305,Realizable,../Translators/output-files/rq_files/minepump_fixed0_fixed258.spectra,2022-10-05 09:20:19,FastLAS,True
31,Minepump,False,2,2,2,1,2.0,2,2,2.0,2,2,1,1,0,1,0,10.406872987747192,Realizable,../Translators/output-files/rq_files/minepump_fixed0_fixed259.spectra,2022-10-05 09:20:19,FastLAS,False
32,Minepump,False,2,2,2,1,2.0,2,2,2.0,2,2,11,2,0,1,0,44.04643487930298,Realizable,../Translators/output-files/rq_files/minepump_fixed0_fixed260.spectra,2022-10-05 09:20:19,FastLAS,True
33,Minepump,False,2,2,2,1,2.0,2,2,2.0,2,2,1,1,0,1,0,10.631341457366943,Realizable,../Translators/output-files/rq_files/minepump_fixed0_fixed261.spectra,2022-10-05 09:20:19,FastLAS,False
34,Minepump,False,2,2,2,1,2.0,2,2,2.0,2,2,1,1,0,1,0,10.54425048828125,Realizable,../Translators/output-files/rq_files/minepump_fixed0_fixed262.spectra,2022-10-05 09:20:19,FastLAS,True
35,Minepump,False,2,2,2,1,2.0,2,2,2.0,2,2,1,1,0,1,0,10.34466814994812,Realizable,../Translators/output-files/rq_files/minepump_fixed0_fixed263.spectra,2022-10-05 09:20:19,FastLAS,False
36,Arbiter,True,1,1,4,1,1.0,1,1,1.0,1,1,1,0,0,0,0,3.000833749771118,Realizable,../Translators/output-files/rq_files/Arbiter_FINAL_strong_fixed_patterned146.spectra,2022-10-05 09:20:19,FastLAS,True
37,Arbiter,True,1,1,4,1,1.0,1,1,1.0,1,1,1,0,0,0,0,3.0335164070129395,Realizable,../Translators/output-files/rq_files/Arbiter_FINAL_strong_fixed_patterned147.spectra,2022-10-05 09:20:19,FastLAS,False
38,Arbiter,True,1,1,4,1,1.0,1,1,1.0,1,1,1,0,0,0,0,2.9952921867370605,Realizable,../Translators/output-files/rq_files/Arbiter_FINAL_strong_fixed_patterned148.spectra,2022-10-05 09:20:19,FastLAS,True
39,Arbiter,True,1,1,4,1,1.0,1,1,1.0,1,1,1,0,0,0,0,3.070307731628418,Realizable,../Translators/output-files/rq_files/Arbiter_FINAL_strong_fixed_patterned149.spectra,2022-10-05 09:20:19,FastLAS,False
40,Arbiter,True,1,1,4,1,1.0,1,1,1.0,1,1,1,0,0,0,0,3.113454580307007,Realizable,../Translators/output-files/rq_files/Arbiter_FINAL_strong_fixed_patterned150.spectra,2022-10-05 09:20:19,FastLAS,True
41,Arbiter,True,1,1,4,1,1.0,1,1,1.0,1,1,1,0,0,0,0,3.0053255558013916,Realizable,../Translators/output-files/rq_files/Arbiter_FINAL_strong_fixed_patterned151.spectra,2022-10-05 09:20:19,FastLAS,False
42,Arbiter,True,1,1,4,1,1.0,1,1,1.0,1,1,1,0,0,0,0,3.2651526927948,Realizable,../Translators/output-files/rq_files/Arbiter_FINAL_strong_fixed_patterned152.spectra,2022-10-05 09:20:19,FastLAS,True
43,Arbiter,True,1,1,4,1,1.0,1,1,1.0,1,1,1,0,0,0,0,2.988180637359619,Realizable,../Translators/output-files/rq_files/Arbiter_FINAL_strong_fixed_patterned153.spectra,2022-10-05 09:20:19,FastLAS,False
44,Arbiter,True,1,1,4,1,1.0,1,1,1.0,1,1,1,0,0,0,0,3.000845193862915,Realizable,../Translators/output-files/rq_files/Arbiter_FINAL_strong_fixed_patterned154.spectra,2022-10-05 09:20:19,FastLAS,True
45,Arbiter,True,1,1,4,1,1.0,1,1,1.0,1,1,1,0,0,0,0,3.0485873222351074,Realizable,../Translators/output-files/rq_files/Arbiter_FINAL_strong_fixed_patterned155.spectra,2022-10-05 09:20:19,FastLAS,False
46,Arbiter,True,1,1,4,1,1.0,1,1,1.0,1,1,1,0,0,0,0,3.0944719314575195,Realizable,../Translators/output-files/rq_files/Arbiter_FINAL_strong_fixed_patterned156.spectra,2022-10-05 09:20:19,FastLAS,True
47,Arbiter,True,1,1,4,1,1.0,1,1,1.0,1,1,1,0,0,0,0,3.0426433086395264,Realizable,../Translators/output-files/rq_files/Arbiter_FINAL_strong_fixed_patterned157.spectra,2022-10-05 09:20:19,FastLAS,False
48,Arbiter,True,1,1,4,1,1.0,1,1,1.0,1,1,1,0,0,0,0,3.0716137886047363,Realizable,../Translators/output-files/rq_files/Arbiter_FINAL_strong_fixed_patterned158.spectra,2022-10-05 09:20:19,FastLAS,True
49,Arbiter,True,1,1,4,1,1.0,1,1,1.0,1,1,1,0,0,0,0,3.0770139694213867,Realizable,../Translators/output-files/rq_files/Arbiter_FINAL_strong_fixed_patterned159.spectra,2022-10-05 09:20:19,FastLAS,False
50,Arbiter,True,1,1,4,1,1.0,1,1,1.0,1,1,1,0,0,0,0,3.112384796142578,Realizable,../Translators/output-files/rq_files/Arbiter_FINAL_strong_fixed_patterned160.spectra,2022-10-05 09:20:19,FastLAS,True
51,Arbiter,True,1,1,4,1,1.0,1,1,1.0,1,1,1,0,0,0,0,3.046236515045166,Realizable,../Translators/output-files/rq_files/Arbiter_FINAL_strong_fixed_patterned161.spectra,2022-10-05 09:20:19,FastLAS,False
52,Arbiter,True,1,1,4,1,1.0,1,1,1.0,1,1,1,0,0,0,0,3.053351879119873,Realizable,../Translators/output-files/rq_files/Arbiter_FINAL_strong_fixed_patterned162.spectra,2022-10-05 09:20:19,FastLAS,True
53,Arbiter,True,1,1,4,1,1.0,1,1,1.0,1,1,1,0,0,0,0,3.097783327102661,Realizable,../Translators/output-files/rq_files/Arbiter_FINAL_strong_fixed_patterned163.spectra,2022-10-05 09:20:19,FastLAS,False
54,Arbiter,True,1,1,4,1,1.0,1,1,1.0,1,1,1,0,0,0,0,3.065242290496826,Realizable,../Translators/output-files/rq_files/Arbiter_FINAL_strong_fixed_patterned164.spectra,2022-10-05 09:20:19,FastLAS,True
55,Arbiter,True,1,1,4,1,1.0,1,1,1.0,1,1,1,0,0,0,0,3.1099019050598145,Realizable,../Translators/output-files/rq_files/Arbiter_FINAL_strong_fixed_patterned165.spectra,2022-10-05 09:20:19,FastLAS,False
56,Arbiter,False,1,1,4,1,1.0,1,1,1.0,1,1,1,0,0,0,0,3.1004397869110107,Realizable,../Translators/output-files/rq_files/Arbiter_FINAL_strong_fixed_patterned166.spectra,2022-10-05 09:20:19,FastLAS,True
57,Arbiter,False,1,1,4,1,1.0,1,1,1.0,1,1,1,0,0,0,0,2.9901137351989746,Realizable,../Translators/output-files/rq_files/Arbiter_FINAL_strong_fixed_patterned167.spectra,2022-10-05 09:20:19,FastLAS,False
58,Arbiter,False,1,1,4,1,1.0,1,1,1.0,1,1,1,1,0,1,0,11.072635889053345,Realizable,../Translators/output-files/rq_files/Arbiter_FINAL_strong_fixed_patterned168.spectra,2022-10-05 09:20:19,FastLAS,True
59,Arbiter,False,1,1,4,1,1.0,1,1,1.0,1,1,1,2,0,1,0,17.401524305343628,Realizable,../Translators/output-files/rq_files/Arbiter_FINAL_strong_fixed_patterned169.spectra,2022-10-05 09:20:19,FastLAS,False
60,Arbiter,False,1,1,4,1,1.0,1,1,1.0,1,1,2,0,0,0,0,7.05742073059082,Realizable,../Translators/output-files/rq_files/Arbiter_FINAL_strong_fixed_patterned170.spectra,2022-10-05 09:20:19,FastLAS,True
61,Arbiter,False,1,1,4,1,1.0,1,1,1.0,1,1,2,0,0,0,0,6.234393835067749,Realizable,../Translators/output-files/rq_files/Arbiter_FINAL_strong_fixed_patterned171.spectra,2022-10-05 09:20:19,FastLAS,False
62,Arbiter,False,1,1,4,1,1.0,1,1,1.0,1,1,3,1,0,1,0,22.426093816757202,Realizable,../Translators/output-files/rq_files/Arbiter_FINAL_strong_fixed_patterned172.spectra,2022-10-05 09:20:19,FastLAS,True
63,Arbiter,False,1,1,4,1,1.0,1,1,1.0,1,1,3,2,0,1,0,26.08301091194153,Realizable,../Translators/output-files/rq_files/Arbiter_FINAL_strong_fixed_patterned173.spectra,2022-10-05 09:20:19,FastLAS,False
64,Arbiter,False,2,1,4,1,1.0,1,1,1.0,1,1,3,0,0,0,0,11.864336252212524,Realizable,../Translators/output-files/rq_files/Arbiter_FINAL_strong_fixed_patterned174.spectra,2022-10-05 09:20:19,FastLAS,True
65,Arbiter,False,2,1,4,1,1.0,1,1,1.0,1,1,1,0,0,0,0,4.127037763595581,Realizable,../Translators/output-files/rq_files/Arbiter_FINAL_strong_fixed_patterned175.spectra,2022-10-05 09:20:19,FastLAS,False
66,Arbiter,False,2,1,4,1,1.0,1,1,1.0,1,1,1,0,0,0,0,3.783637046813965,Realizable,../Translators/output-files/rq_files/Arbiter_FINAL_strong_fixed_patterned176.spectra,2022-10-05 09:20:19,FastLAS,True
67,Arbiter,False,2,1,4,1,1.0,1,1,1.0,1,1,1,0,0,0,0,3.9137797355651855,Realizable,../Translators/output-files/rq_files/Arbiter_FINAL_strong_fixed_patterned177.spectra,2022-10-05 09:20:19,FastLAS,False
68,Arbiter,False,2,1,4,1,1.0,1,1,1.0,1,1,2,0,0,0,0,8.94675350189209,Realizable,../Translators/output-files/rq_files/Arbiter_FINAL_strong_fixed_patterned178.spectra,2022-10-05 09:20:19,FastLAS,True
69,Arbiter,False,2,1,4,1,1.0,1,1,1.0,1,1,1,0,0,0,0,3.7193217277526855,Realizable,../Translators/output-files/rq_files/Arbiter_FINAL_strong_fixed_patterned179.spectra,2022-10-05 09:20:19,FastLAS,False
70,Arbiter,False,2,1,4,1,1.0,1,1,1.0,1,1,3,0,0,0,0,10.637287855148315,Realizable,../Translators/output-files/rq_files/Arbiter_FINAL_strong_fixed_patterned180.spectra,2022-10-05 09:20:19,FastLAS,True
71,Arbiter,False,2,1,4,1,1.0,1,1,1.0,1,1,1,0,0,0,0,4.253304719924927,Realizable,../Translators/output-files/rq_files/Arbiter_FINAL_strong_fixed_patterned181.spectra,2022-10-05 09:20:19,FastLAS,False
72,Arbiter,False,2,1,4,1,1.0,1,1,1.0,1,1,2,0,0,0,0,7.987123012542725,Realizable,../Translators/output-files/rq_files/Arbiter_FINAL_strong_fixed_patterned182.spectra,2022-10-05 09:20:19,FastLAS,True
73,Arbiter,False,2,1,4,1,1.0,1,1,1.0,1,1,1,0,0,0,0,3.6116225719451904,Realizable,../Translators/output-files/rq_files/Arbiter_FINAL_strong_fixed_patterned183.spectra,2022-10-05 09:20:19,FastLAS,False
74,Arbiter,False,2,1,4,1,1.0,1,1,1.0,1,1,2,0,0,0,0,6.934076309204102,Realizable,../Translators/output-files/rq_files/Arbiter_FINAL_strong_fixed_patterned184.spectra,2022-10-05 09:20:19,FastLAS,True
75,Arbiter,False,2,1,4,1,1.0,1,1,1.0,1,1,1,0,0,0,0,3.793018341064453,Realizable,../Translators/output-files/rq_files/Arbiter_FINAL_strong_fixed_patterned185.spectra,2022-10-05 09:20:19,FastLAS,False
76,Lift,True,2,8,11,1,3.0,3,3,3.0,3,3,1,0,0,0,0,3.7764883041381836,Realizable,../Translators/output-files/rq_files/lift_well_sep_strong_fixed_patterned88.spectra,2022-10-05 09:20:19,FastLAS,True
77,Lift,True,2,8,11,1,3.0,3,3,3.0,3,3,1,0,0,0,0,3.7583160400390625,Realizable,../Translators/output-files/rq_files/lift_well_sep_strong_fixed_patterned89.spectra,2022-10-05 09:20:19,FastLAS,False
78,Lift,True,2,8,11,1,3.0,3,3,3.0,3,3,1,0,0,0,0,3.657215118408203,Realizable,../Translators/output-files/rq_files/lift_well_sep_strong_fixed_patterned90.spectra,2022-10-05 09:20:19,FastLAS,True
79,Lift,True,2,8,11,1,3.0,3,3,3.0,3,3,1,0,0,0,0,5.825619220733643,Realizable,../Translators/output-files/rq_files/lift_well_sep_strong_fixed_patterned91.spectra,2022-10-05 09:20:19,FastLAS,False
80,Lift,True,2,8,11,1,3.0,3,3,3.0,3,3,1,0,0,0,0,3.82304048538208,Realizable,../Translators/output-files/rq_files/lift_well_sep_strong_fixed_patterned92.spectra,2022-10-05 09:20:19,FastLAS,True
81,Lift,True,2,8,11,1,3.0,3,3,3.0,3,3,1,0,0,0,0,4.356547832489014,Realizable,../Translators/output-files/rq_files/lift_well_sep_strong_fixed_patterned93.spectra,2022-10-05 09:20:19,FastLAS,False
82,Lift,True,2,8,11,1,3.0,3,3,3.0,3,3,1,0,0,0,0,4.306602478027344,Realizable,../Translators/output-files/rq_files/lift_well_sep_strong_fixed_patterned94.spectra,2022-10-05 09:20:19,FastLAS,True
83,Lift,True,2,8,11,1,3.0,3,3,3.0,3,3,1,0,0,0,0,3.819725275039673,Realizable,../Translators/output-files/rq_files/lift_well_sep_strong_fixed_patterned95.spectra,2022-10-05 09:20:19,FastLAS,False
84,Lift,True,2,8,11,1,3.0,3,3,3.0,3,3,1,0,0,0,0,3.8684637546539307,Realizable,../Translators/output-files/rq_files/lift_well_sep_strong_fixed_patterned96.spectra,2022-10-05 09:20:19,FastLAS,True
85,Lift,True,2,8,11,1,3.0,3,3,3.0,3,3,1,0,0,0,0,3.6399412155151367,Realizable,../Translators/output-files/rq_files/lift_well_sep_strong_fixed_patterned97.spectra,2022-10-05 09:20:19,FastLAS,False
86,Lift,True,2,8,11,1,3.0,3,3,3.0,3,3,1,0,0,0,0,4.34065580368042,Realizable,../Translators/output-files/rq_files/lift_well_sep_strong_fixed_patterned98.spectra,2022-10-05 09:20:19,FastLAS,True
87,Lift,True,2,8,11,1,3.0,3,3,3.0,3,3,1,0,0,0,0,7.368483066558838,Realizable,../Translators/output-files/rq_files/lift_well_sep_strong_fixed_patterned99.spectra,2022-10-05 09:20:19,FastLAS,False
88,Lift,True,2,8,11,1,3.0,3,3,3.0,3,3,1,0,0,0,0,3.9639089107513428,Realizable,../Translators/output-files/rq_files/lift_well_sep_strong_fixed_patterned100.spectra,2022-10-05 09:20:19,FastLAS,True
89,Lift,True,2,8,11,1,3.0,3,3,3.0,3,3,1,0,0,0,0,4.3973658084869385,Realizable,../Translators/output-files/rq_files/lift_well_sep_strong_fixed_patterned101.spectra,2022-10-05 09:20:19,FastLAS,False
90,Lift,True,2,8,11,1,3.0,3,3,3.0,3,3,1,0,0,0,0,4.063234806060791,Realizable,../Translators/output-files/rq_files/lift_well_sep_strong_fixed_patterned102.spectra,2022-10-05 09:20:19,FastLAS,True
91,Lift,True,2,8,11,1,3.0,3,3,3.0,3,3,1,0,0,0,0,4.7450127601623535,Realizable,../Translators/output-files/rq_files/lift_well_sep_strong_fixed_patterned103.spectra,2022-10-05 09:20:19,FastLAS,False
92,Lift,True,2,8,11,1,3.0,3,3,3.0,3,3,1,0,0,0,0,7.121723890304565,Realizable,../Translators/output-files/rq_files/lift_well_sep_strong_fixed_patterned104.spectra,2022-10-05 09:20:19,FastLAS,True
93,Lift,True,2,8,11,1,3.0,3,3,3.0,3,3,1,0,0,0,0,4.3711936473846436,Realizable,../Translators/output-files/rq_files/lift_well_sep_strong_fixed_patterned105.spectra,2022-10-05 09:20:19,FastLAS,False
94,Lift,True,2,8,11,1,3.0,3,3,3.0,3,3,1,0,0,0,0,3.722116470336914,Realizable,../Translators/output-files/rq_files/lift_well_sep_strong_fixed_patterned106.spectra,2022-10-05 09:20:19,FastLAS,True
95,Lift,True,2,8,11,1,3.0,3,3,3.0,3,3,1,0,0,0,0,4.173940420150757,Realizable,../Translators/output-files/rq_files/lift_well_sep_strong_fixed_patterned107.spectra,2022-10-05 09:20:19,FastLAS,False
96,Lift,False,2,8,11,1,3.0,3,3,3.0,3,3,1,0,0,0,0,4.163665294647217,Realizable,../Translators/output-files/rq_files/lift_well_sep_strong_fixed_patterned108.spectra,2022-10-05 09:20:19,FastLAS,True
97,Lift,False,2,8,11,1,3.0,3,3,3.0,3,3,1,0,0,0,0,3.29801082611084,Realizable,../Translators/output-files/rq_files/lift_well_sep_strong_fixed_patterned109.spectra,2022-10-05 09:20:19,FastLAS,False
98,Lift,False,2,8,11,1,3.0,3,3,3.0,3,3,1,0,0,0,0,3.4957032203674316,Realizable,../Translators/output-files/rq_files/lift_well_sep_strong_fixed_patterned110.spectra,2022-10-05 09:20:19,FastLAS,True
99,Lift,False,2,8,11,1,3.0,3,3,3.0,3,3,1,0,0,0,0,3.6073057651519775,Realizable,../Translators/output-files/rq_files/lift_well_sep_strong_fixed_patterned111.spectra,2022-10-05 09:20:19,FastLAS,False
100,Traffic Single,True,2,3,2,1,3.0,3,3,4.0,4,4,2,0,0,0,0,8.533159017562866,Realizable,../Translators/output-files/rq_files/traffic_single_FINAL_strong_fixed_patterned130.spectra,2022-10-05 09:20:19,FastLAS,True
101,Traffic Single,True,2,3,2,1,3.0,3,3,4.0,4,4,1,0,0,0,0,4.214405059814453,Realizable,../Translators/output-files/rq_files/traffic_single_FINAL_strong_fixed_patterned131.spectra,2022-10-05 09:20:19,FastLAS,False
102,Traffic Single,True,2,3,2,1,3.0,3,3,4.0,4,4,2,0,0,0,0,7.649292945861816,Realizable,../Translators/output-files/rq_files/traffic_single_FINAL_strong_fixed_patterned132.spectra,2022-10-05 09:20:19,FastLAS,True
103,Traffic Single,True,2,3,2,1,3.0,3,3,4.0,4,4,1,0,0,0,0,5.853846549987793,Realizable,../Translators/output-files/rq_files/traffic_single_FINAL_strong_fixed_patterned133.spectra,2022-10-05 09:20:19,FastLAS,False
104,Traffic Single,True,2,3,2,1,3.0,3,3,4.0,4,4,2,0,0,0,0,7.668213605880737,Realizable,../Translators/output-files/rq_files/traffic_single_FINAL_strong_fixed_patterned134.spectra,2022-10-05 09:20:19,FastLAS,True
105,Traffic Single,True,2,3,2,1,3.0,3,3,4.0,4,4,1,0,0,0,0,3.14253568649292,Realizable,../Translators/output-files/rq_files/traffic_single_FINAL_strong_fixed_patterned135.spectra,2022-10-05 09:20:19,FastLAS,False
106,Traffic Single,True,2,3,2,1,3.0,3,3,4.0,4,4,2,0,0,0,0,6.0792059898376465,Realizable,../Translators/output-files/rq_files/traffic_single_FINAL_strong_fixed_patterned136.spectra,2022-10-05 09:20:19,FastLAS,True
107,Traffic Single,True,2,3,2,1,3.0,3,3,4.0,4,4,1,0,0,0,0,3.0611772537231445,Realizable,../Translators/output-files/rq_files/traffic_single_FINAL_strong_fixed_patterned137.spectra,2022-10-05 09:20:19,FastLAS,False
108,Traffic Single,True,2,3,2,1,3.0,3,3,4.0,4,4,2,0,0,0,0,5.943341016769409,Realizable,../Translators/output-files/rq_files/traffic_single_FINAL_strong_fixed_patterned138.spectra,2022-10-05 09:20:19,FastLAS,True
109,Traffic Single,True,2,3,2,1,3.0,3,3,4.0,4,4,1,0,0,0,0,3.132701873779297,Realizable,../Translators/output-files/rq_files/traffic_single_FINAL_strong_fixed_patterned139.spectra,2022-10-05 09:20:19,FastLAS,False
110,Traffic Single,True,2,3,2,1,3.0,3,3,4.0,4,4,2,0,0,0,0,6.091259956359863,Realizable,../Translators/output-files/rq_files/traffic_single_FINAL_strong_fixed_patterned140.spectra,2022-10-05 09:20:19,FastLAS,True
111,Traffic Single,True,2,3,2,1,3.0,3,3,4.0,4,4,1,0,0,0,0,2.991483688354492,Realizable,../Translators/output-files/rq_files/traffic_single_FINAL_strong_fixed_patterned141.spectra,2022-10-05 09:20:19,FastLAS,False
112,Traffic Single,True,2,3,2,1,3.0,3,3,4.0,4,4,2,0,0,0,0,5.901199817657471,Realizable,../Translators/output-files/rq_files/traffic_single_FINAL_strong_fixed_patterned142.spectra,2022-10-05 09:20:19,FastLAS,True
113,Traffic Single,True,2,3,2,1,3.0,3,3,4.0,4,4,1,0,0,0,0,3.029081344604492,Realizable,../Translators/output-files/rq_files/traffic_single_FINAL_strong_fixed_patterned143.spectra,2022-10-05 09:20:19,FastLAS,False
114,Traffic Single,True,2,3,2,1,3.0,3,3,4.0,4,4,2,0,0,0,0,5.921627521514893,Realizable,../Translators/output-files/rq_files/traffic_single_FINAL_strong_fixed_patterned144.spectra,2022-10-05 09:20:19,FastLAS,True
115,Traffic Single,True,2,3,2,1,3.0,3,3,4.0,4,4,1,0,0,0,0,3.0344014167785645,Realizable,../Translators/output-files/rq_files/traffic_single_FINAL_strong_fixed_patterned145.spectra,2022-10-05 09:20:19,FastLAS,False
116,Traffic Single,True,2,3,2,1,3.0,3,3,4.0,4,4,2,0,0,0,0,7.156451463699341,Realizable,../Translators/output-files/rq_files/traffic_single_FINAL_strong_fixed_patterned146.spectra,2022-10-05 09:20:19,FastLAS,True
117,Traffic Single,True,2,3,2,1,3.0,3,3,4.0,4,4,1,0,0,0,0,3.327275276184082,Realizable,../Translators/output-files/rq_files/traffic_single_FINAL_strong_fixed_patterned147.spectra,2022-10-05 09:20:19,FastLAS,False
118,Traffic Single,True,2,3,2,1,3.0,3,3,4.0,4,4,2,0,0,0,0,5.88184380531311,Realizable,../Translators/output-files/rq_files/traffic_single_FINAL_strong_fixed_patterned148.spectra,2022-10-05 09:20:19,FastLAS,True
119,Traffic Single,True,2,3,2,1,3.0,3,3,4.0,4,4,1,0,0,0,0,2.9493637084960938,Realizable,../Translators/output-files/rq_files/traffic_single_FINAL_strong_fixed_patterned149.spectra,2022-10-05 09:20:19,FastLAS,False
120,Traffic Single,False,2,3,2,1,3.0,3,3,4.0,4,4,2,0,0,0,0,5.916021823883057,Realizable,../Translators/output-files/rq_files/traffic_single_FINAL_strong_fixed_patterned150.spectra,2022-10-05 09:20:19,FastLAS,True
121,Traffic Single,False,2,3,2,1,3.0,3,3,4.0,4,4,1,0,0,0,0,3.1201462745666504,Realizable,../Translators/output-files/rq_files/traffic_single_FINAL_strong_fixed_patterned151.spectra,2022-10-05 09:20:19,FastLAS,False
122,Traffic Single,False,2,3,2,1,3.0,3,3,4.0,4,4,3,0,0,0,0,8.863505840301514,Realizable,../Translators/output-files/rq_files/traffic_single_FINAL_strong_fixed_patterned152.spectra,2022-10-05 09:20:19,FastLAS,True
123,Traffic Single,False,2,3,2,1,3.0,3,3,4.0,4,4,1,0,0,0,0,3.012378454208374,Realizable,../Translators/output-files/rq_files/traffic_single_FINAL_strong_fixed_patterned153.spectra,2022-10-05 09:20:19,FastLAS,False
124,Traffic Single,False,2,3,2,1,3.0,3,3,4.0,4,4,1,0,0,0,0,3.0873827934265137,Realizable,../Translators/output-files/rq_files/traffic_single_FINAL_strong_fixed_patterned154.spectra,2022-10-05 09:20:19,FastLAS,True
125,Traffic Single,False,2,3,2,1,3.0,3,3,4.0,4,4,1,0,0,0,0,6.57893443107605,Realizable,../Translators/output-files/rq_files/traffic_single_FINAL_strong_fixed_patterned155.spectra,2022-10-05 09:20:19,FastLAS,False
126,Traffic Single,False,2,3,2,1,3.0,3,3,4.0,4,4,1,0,0,0,0,3.3303170204162598,Realizable,../Translators/output-files/rq_files/traffic_single_FINAL_strong_fixed_patterned156.spectra,2022-10-05 09:20:19,FastLAS,True
127,Traffic Single,False,2,3,2,1,3.0,3,3,4.0,4,4,1,0,0,0,0,3.0488507747650146,Realizable,../Translators/output-files/rq_files/traffic_single_FINAL_strong_fixed_patterned157.spectra,2022-10-05 09:20:19,FastLAS,False
128,Traffic Single,False,3,3,2,1,3.0,3,3,4.0,4,4,1,0,0,0,0,3.55818247795105,Realizable,../Translators/output-files/rq_files/traffic_single_FINAL_strong_fixed_patterned158.spectra,2022-10-05 09:20:19,FastLAS,True
129,Traffic Single,False,3,3,2,1,3.0,3,3,4.0,4,4,1,0,0,0,0,3.0459203720092773,Realizable,../Translators/output-files/rq_files/traffic_single_FINAL_strong_fixed_patterned159.spectra,2022-10-05 09:20:19,FastLAS,False
130,Traffic Single,False,3,3,2,1,3.0,3,3,4.0,4,4,1,0,0,0,0,3.148834705352783,Realizable,../Translators/output-files/rq_files/traffic_single_FINAL_strong_fixed_patterned160.spectra,2022-10-05 09:20:19,FastLAS,True
131,Traffic Single,False,3,3,2,1,3.0,3,3,4.0,4,4,1,0,0,0,0,2.983306407928467,Realizable,../Translators/output-files/rq_files/traffic_single_FINAL_strong_fixed_patterned161.spectra,2022-10-05 09:20:19,FastLAS,False
132,Traffic Single,False,3,3,2,1,3.0,3,3,4.0,4,4,1,0,0,0,0,3.204106330871582,Realizable,../Translators/output-files/rq_files/traffic_single_FINAL_strong_fixed_patterned162.spectra,2022-10-05 09:20:19,FastLAS,True
133,Traffic Single,False,3,3,2,1,3.0,3,3,4.0,4,4,1,0,0,0,0,3.101195812225342,Realizable,../Translators/output-files/rq_files/traffic_single_FINAL_strong_fixed_patterned163.spectra,2022-10-05 09:20:19,FastLAS,False
134,Traffic Single,False,3,3,2,1,3.0,3,3,4.0,4,4,1,0,0,0,0,3.423865795135498,Realizable,../Translators/output-files/rq_files/traffic_single_FINAL_strong_fixed_patterned164.spectra,2022-10-05 09:20:19,FastLAS,True
135,Traffic Single,False,3,3,2,1,3.0,3,3,4.0,4,4,1,0,0,0,0,3.0928757190704346,Realizable,../Translators/output-files/rq_files/traffic_single_FINAL_strong_fixed_patterned165.spectra,2022-10-05 09:20:19,FastLAS,False
136,Traffic Single,False,3,3,2,1,3.0,3,3,4.0,4,4,1,0,0,0,0,3.1318390369415283,Realizable,../Translators/output-files/rq_files/traffic_single_FINAL_strong_fixed_patterned166.spectra,2022-10-05 09:20:19,FastLAS,True
137,Traffic Single,False,3,3,2,1,3.0,3,3,4.0,4,4,1,0,0,0,0,3.00205397605896,Realizable,../Translators/output-files/rq_files/traffic_single_FINAL_strong_fixed_patterned167.spectra,2022-10-05 09:20:19,FastLAS,False
138,Traffic Single,False,3,3,2,1,3.0,3,3,4.0,4,4,1,0,0,0,0,3.1025800704956055,Realizable,../Translators/output-files/rq_files/traffic_single_FINAL_strong_fixed_patterned168.spectra,2022-10-05 09:20:19,FastLAS,True
139,Traffic Single,False,3,3,2,1,3.0,3,3,4.0,4,4,1,0,0,0,0,2.931011438369751,Realizable,../Translators/output-files/rq_files/traffic_single_FINAL_strong_fixed_patterned169.spectra,2022-10-05 09:20:19,FastLAS,False
140,Traffic,True,2,5,4,2,3.0,3,3,4.0,4,4,1,0,0,0,0,3.1922173500061035,Realizable,../Translators/output-files/rq_files/traffic_updated_FINAL_strong_fixed_patterned128.spectra,2022-10-05 09:20:19,FastLAS,True
141,Traffic,True,2,5,4,2,3.0,3,3,4.0,4,4,1,0,0,0,0,3.1489992141723633,Realizable,../Translators/output-files/rq_files/traffic_updated_FINAL_strong_fixed_patterned129.spectra,2022-10-05 09:20:19,FastLAS,False
142,Traffic,True,2,5,4,2,3.0,3,3,4.0,4,4,1,0,0,0,0,3.1824252605438232,Realizable,../Translators/output-files/rq_files/traffic_updated_FINAL_strong_fixed_patterned130.spectra,2022-10-05 09:20:19,FastLAS,True
143,Traffic,True,2,5,4,2,3.0,3,3,4.0,4,4,1,0,0,0,0,3.104574680328369,Realizable,../Translators/output-files/rq_files/traffic_updated_FINAL_strong_fixed_patterned131.spectra,2022-10-05 09:20:19,FastLAS,False
144,Traffic,True,2,5,4,2,3.0,3,3,4.0,4,4,1,0,0,0,0,3.639099359512329,Realizable,../Translators/output-files/rq_files/traffic_updated_FINAL_strong_fixed_patterned132.spectra,2022-10-05 09:20:19,FastLAS,True
145,Traffic,True,2,5,4,2,3.0,3,3,4.0,4,4,1,0,0,0,0,3.1530675888061523,Realizable,../Translators/output-files/rq_files/traffic_updated_FINAL_strong_fixed_patterned133.spectra,2022-10-05 09:20:19,FastLAS,False
146,Traffic,True,2,5,4,2,3.0,3,3,4.0,4,4,1,0,0,0,0,3.2142961025238037,Realizable,../Translators/output-files/rq_files/traffic_updated_FINAL_strong_fixed_patterned134.spectra,2022-10-05 09:20:19,FastLAS,True
147,Traffic,True,2,5,4,2,3.0,3,3,4.0,4,4,1,0,0,0,0,3.1432621479034424,Realizable,../Translators/output-files/rq_files/traffic_updated_FINAL_strong_fixed_patterned135.spectra,2022-10-05 09:20:19,FastLAS,False
148,Traffic,True,2,5,4,2,3.0,3,3,4.0,4,4,1,0,0,0,0,3.244326591491699,Realizable,../Translators/output-files/rq_files/traffic_updated_FINAL_strong_fixed_patterned136.spectra,2022-10-05 09:20:19,FastLAS,True
149,Traffic,True,2,5,4,2,3.0,3,3,4.0,4,4,1,0,0,0,0,3.139665365219116,Realizable,../Translators/output-files/rq_files/traffic_updated_FINAL_strong_fixed_patterned137.spectra,2022-10-05 09:20:19,FastLAS,False
150,Traffic,True,2,5,4,2,3.0,3,3,4.0,4,4,1,0,0,0,0,3.1484758853912354,Realizable,../Translators/output-files/rq_files/traffic_updated_FINAL_strong_fixed_patterned138.spectra,2022-10-05 09:20:19,FastLAS,True
151,Traffic,True,2,5,4,2,3.0,3,3,4.0,4,4,1,0,0,0,0,3.153754472732544,Realizable,../Translators/output-files/rq_files/traffic_updated_FINAL_strong_fixed_patterned139.spectra,2022-10-05 09:20:19,FastLAS,False
152,Traffic,True,2,5,4,2,3.0,3,3,4.0,4,4,1,0,0,0,0,3.378126621246338,Realizable,../Translators/output-files/rq_files/traffic_updated_FINAL_strong_fixed_patterned140.spectra,2022-10-05 09:20:19,FastLAS,True
153,Traffic,True,2,5,4,2,3.0,3,3,4.0,4,4,1,0,0,0,0,3.0837385654449463,Realizable,../Translators/output-files/rq_files/traffic_updated_FINAL_strong_fixed_patterned141.spectra,2022-10-05 09:20:19,FastLAS,False
154,Traffic,True,2,5,4,2,3.0,3,3,4.0,4,4,1,0,0,0,0,3.177334785461426,Realizable,../Translators/output-files/rq_files/traffic_updated_FINAL_strong_fixed_patterned142.spectra,2022-10-05 09:20:19,FastLAS,True
155,Traffic,True,2,5,4,2,3.0,3,3,4.0,4,4,1,0,0,0,0,3.095515727996826,Realizable,../Translators/output-files/rq_files/traffic_updated_FINAL_strong_fixed_patterned143.spectra,2022-10-05 09:20:19,FastLAS,False
156,Traffic,True,2,5,4,2,3.0,3,3,4.0,4,4,1,0,0,0,0,3.3323168754577637,Realizable,../Translators/output-files/rq_files/traffic_updated_FINAL_strong_fixed_patterned144.spectra,2022-10-05 09:20:19,FastLAS,True
157,Traffic,True,2,5,4,2,3.0,3,3,4.0,4,4,1,0,0,0,0,3.1782593727111816,Realizable,../Translators/output-files/rq_files/traffic_updated_FINAL_strong_fixed_patterned145.spectra,2022-10-05 09:20:19,FastLAS,False
158,Traffic,True,2,5,4,2,3.0,3,3,4.0,4,4,1,0,0,0,0,3.1666035652160645,Realizable,../Translators/output-files/rq_files/traffic_updated_FINAL_strong_fixed_patterned146.spectra,2022-10-05 09:20:19,FastLAS,True
159,Traffic,True,2,5,4,2,3.0,3,3,4.0,4,4,1,0,0,0,0,3.1634762287139893,Realizable,../Translators/output-files/rq_files/traffic_updated_FINAL_strong_fixed_patterned147.spectra,2022-10-05 09:20:19,FastLAS,False
160,Traffic,False,2,5,4,2,3.0,3,3,4.0,4,4,1,0,0,0,0,3.1471774578094482,Realizable,../Translators/output-files/rq_files/traffic_updated_FINAL_strong_fixed_patterned148.spectra,2022-10-05 09:20:19,FastLAS,True
161,Traffic,False,2,5,4,2,3.0,3,3,4.0,4,4,1,0,0,0,0,3.163318395614624,Realizable,../Translators/output-files/rq_files/traffic_updated_FINAL_strong_fixed_patterned149.spectra,2022-10-05 09:20:19,FastLAS,False
162,Traffic,False,2,5,4,1,3.0,3,3,4.0,4,4,1,0,0,0,0,3.18638277053833,Realizable,../Translators/output-files/rq_files/traffic_updated_FINAL_strong_fixed_patterned150.spectra,2022-10-05 09:20:19,FastLAS,True
163,Traffic,False,2,5,4,1,3.0,3,3,4.0,4,4,1,0,0,0,0,3.0600547790527344,Realizable,../Translators/output-files/rq_files/traffic_updated_FINAL_strong_fixed_patterned151.spectra,2022-10-05 09:20:19,FastLAS,False
164,Traffic,False,2,5,4,1,3.0,3,3,4.0,4,4,1,0,0,0,0,3.0893454551696777,Realizable,../Translators/output-files/rq_files/traffic_updated_FINAL_strong_fixed_patterned152.spectra,2022-10-05 09:20:19,FastLAS,True
165,Traffic,False,2,5,4,1,3.0,3,3,4.0,4,4,1,0,0,0,0,3.8758559226989746,Realizable,../Translators/output-files/rq_files/traffic_updated_FINAL_strong_fixed_patterned153.spectra,2022-10-05 09:20:19,FastLAS,False
166,Traffic,False,3,5,4,1,3.0,3,3,4.0,4,4,1,0,0,0,0,3.258084297180176,Invalid,../Translators/output-files/rq_files/traffic_updated_FINAL_strong_fixed_patterned154.spectra,2022-10-05 09:20:19,FastLAS,True
167,Traffic,False,3,5,4,1,3.0,3,3,4.0,4,4,1,0,0,0,0,3.628962516784668,Realizable,../Translators/output-files/rq_files/traffic_updated_FINAL_strong_fixed_patterned155.spectra,2022-10-05 09:20:19,FastLAS,False
168,Traffic,False,3,5,4,1,3.0,3,3,4.0,4,4,1,0,0,0,0,3.2824771404266357,Realizable,../Translators/output-files/rq_files/traffic_updated_FINAL_strong_fixed_patterned156.spectra,2022-10-05 09:20:19,FastLAS,True
169,Traffic,False,3,5,4,1,3.0,3,3,4.0,4,4,1,0,0,0,0,3.1250016689300537,Realizable,../Translators/output-files/rq_files/traffic_updated_FINAL_strong_fixed_patterned157.spectra,2022-10-05 09:20:19,FastLAS,False
170,Traffic,False,3,5,4,1,3.0,3,3,4.0,4,4,1,0,0,0,0,3.246056079864502,Realizable,../Translators/output-files/rq_files/traffic_updated_FINAL_strong_fixed_patterned158.spectra,2022-10-05 09:20:19,FastLAS,True
171,Traffic,False,3,5,4,1,3.0,3,3,4.0,4,4,1,0,0,0,0,3.0620079040527344,Realizable,../Translators/output-files/rq_files/traffic_updated_FINAL_strong_fixed_patterned159.spectra,2022-10-05 09:20:19,FastLAS,False
172,Traffic,False,3,5,4,1,3.0,3,3,4.0,4,4,1,0,0,0,0,3.121215581893921,Realizable,../Translators/output-files/rq_files/traffic_updated_FINAL_strong_fixed_patterned160.spectra,2022-10-05 09:20:19,FastLAS,True
173,Traffic,False,3,5,4,1,3.0,3,3,4.0,4,4,1,0,0,0,0,3.1486878395080566,Realizable,../Translators/output-files/rq_files/traffic_updated_FINAL_strong_fixed_patterned161.spectra,2022-10-05 09:20:19,FastLAS,False
174,Traffic,False,3,5,4,2,3.0,3,3,4.0,4,4,1,0,0,0,0,3.4214301109313965,Invalid,../Translators/output-files/rq_files/traffic_updated_FINAL_strong_fixed_patterned162.spectra,2022-10-05 09:20:19,FastLAS,True
175,Traffic,False,3,5,4,2,3.0,3,3,4.0,4,4,1,0,0,0,0,3.1343514919281006,Realizable,../Translators/output-files/rq_files/traffic_updated_FINAL_strong_fixed_patterned163.spectra,2022-10-05 09:20:19,FastLAS,False
176,Traffic,False,3,5,4,2,3.0,3,3,4.0,4,4,1,0,0,0,0,3.2429609298706055,Realizable,../Translators/output-files/rq_files/traffic_updated_FINAL_strong_fixed_patterned164.spectra,2022-10-05 09:20:19,FastLAS,True
177,Traffic,False,3,5,4,2,3.0,3,3,4.0,4,4,1,0,0,0,0,3.074147939682007,Realizable,../Translators/output-files/rq_files/traffic_updated_FINAL_strong_fixed_patterned165.spectra,2022-10-05 09:20:19,FastLAS,False
178,Traffic,False,3,5,4,1,3.0,3,3,4.0,4,4,1,0,0,0,0,3.250077724456787,Realizable,../Translators/output-files/rq_files/traffic_updated_FINAL_strong_fixed_patterned166.spectra,2022-10-05 09:20:19,FastLAS,True
179,Traffic,False,3,5,4,1,3.0,3,3,4.0,4,4,1,0,0,0,0,3.187077760696411,Realizable,../Translators/output-files/rq_files/traffic_updated_FINAL_strong_fixed_patterned167.spectra,2022-10-05 09:20:19,FastLAS,False
180,Genbuf,True,2,28,81,1,2.0,2,2,3.0,3,3,1,0,0,0,0,6.920644283294678,Realizable,../Translators/output-files/rq_files/genbuf_05_normalised_dropped_fixed123.spectra,2022-10-05 09:20:19,FastLAS,True
181,Genbuf,True,2,28,81,1,2.0,2,2,3.0,3,3,1,0,0,0,0,6.895774602890015,Realizable,../Translators/output-files/rq_files/genbuf_05_normalised_dropped_fixed124.spectra,2022-10-05 09:20:19,FastLAS,False
182,Genbuf,True,2,28,81,1,2.0,2,2,3.0,3,3,1,0,0,0,0,7.347960710525513,Realizable,../Translators/output-files/rq_files/genbuf_05_normalised_dropped_fixed125.spectra,2022-10-05 09:20:19,FastLAS,True
183,Genbuf,True,2,28,81,1,2.0,2,2,3.0,3,3,1,0,0,0,0,6.277559280395508,Realizable,../Translators/output-files/rq_files/genbuf_05_normalised_dropped_fixed126.spectra,2022-10-05 09:20:19,FastLAS,False
184,Genbuf,True,2,28,81,1,2.0,2,2,3.0,3,3,1,0,0,0,0,7.287823438644409,Realizable,../Translators/output-files/rq_files/genbuf_05_normalised_dropped_fixed127.spectra,2022-10-05 09:20:19,FastLAS,True
185,Genbuf,True,2,28,81,1,2.0,2,2,3.0,3,3,1,0,0,0,0,6.081111192703247,Realizable,../Translators/output-files/rq_files/genbuf_05_normalised_dropped_fixed128.spectra,2022-10-05 09:20:19,FastLAS,False
186,Genbuf,True,2,28,81,1,2.0,2,2,3.0,3,3,1,0,0,0,0,7.0114054679870605,Realizable,../Translators/output-files/rq_files/genbuf_05_normalised_dropped_fixed129.spectra,2022-10-05 09:20:19,FastLAS,True
187,Genbuf,True,2,28,81,1,2.0,2,2,3.0,3,3,1,0,0,0,0,6.13215446472168,Realizable,../Translators/output-files/rq_files/genbuf_05_normalised_dropped_fixed130.spectra,2022-10-05 09:20:19,FastLAS,False
188,Genbuf,True,2,28,81,1,2.0,2,2,3.0,3,3,1,0,0,0,0,7.038060426712036,Realizable,../Translators/output-files/rq_files/genbuf_05_normalised_dropped_fixed131.spectra,2022-10-05 09:20:19,FastLAS,True
189,Genbuf,True,2,28,81,1,2.0,2,2,3.0,3,3,1,0,0,0,0,6.176227807998657,Realizable,../Translators/output-files/rq_files/genbuf_05_normalised_dropped_fixed132.spectra,2022-10-05 09:20:19,FastLAS,False
190,Genbuf,True,2,28,81,1,2.0,2,2,3.0,3,3,1,0,0,0,0,6.923564195632935,Realizable,../Translators/output-files/rq_files/genbuf_05_normalised_dropped_fixed133.spectra,2022-10-05 09:20:19,FastLAS,True
191,Genbuf,True,2,28,81,1,2.0,2,2,3.0,3,3,1,0,0,0,0,6.185269594192505,Realizable,../Translators/output-files/rq_files/genbuf_05_normalised_dropped_fixed134.spectra,2022-10-05 09:20:19,FastLAS,False
192,Genbuf,True,2,28,81,1,2.0,2,2,3.0,3,3,1,0,0,0,0,6.898782014846802,Realizable,../Translators/output-files/rq_files/genbuf_05_normalised_dropped_fixed135.spectra,2022-10-05 09:20:19,FastLAS,True
193,Genbuf,True,2,28,81,1,2.0,2,2,3.0,3,3,1,0,0,0,0,6.157076835632324,Realizable,../Translators/output-files/rq_files/genbuf_05_normalised_dropped_fixed136.spectra,2022-10-05 09:20:19,FastLAS,False
194,Genbuf,True,2,28,81,1,2.0,2,2,3.0,3,3,1,0,0,0,0,7.0687665939331055,Realizable,../Translators/output-files/rq_files/genbuf_05_normalised_dropped_fixed137.spectra,2022-10-05 09:20:19,FastLAS,True
195,Genbuf,True,2,28,81,1,2.0,2,2,3.0,3,3,1,0,0,0,0,6.189426898956299,Realizable,../Translators/output-files/rq_files/genbuf_05_normalised_dropped_fixed138.spectra,2022-10-05 09:20:19,FastLAS,False
196,Genbuf,True,2,28,81,1,2.0,2,2,3.0,3,3,1,0,0,0,0,6.873342514038086,Realizable,../Translators/output-files/rq_files/genbuf_05_normalised_dropped_fixed139.spectra,2022-10-05 09:20:19,FastLAS,True
197,Genbuf,True,2,28,81,1,2.0,2,2,3.0,3,3,1,0,0,0,0,6.078827619552612,Realizable,../Translators/output-files/rq_files/genbuf_05_normalised_dropped_fixed140.spectra,2022-10-05 09:20:19,FastLAS,False
198,Genbuf,True,2,28,81,1,2.0,2,2,3.0,3,3,1,0,0,0,0,6.970914363861084,Realizable,../Translators/output-files/rq_files/genbuf_05_normalised_dropped_fixed141.spectra,2022-10-05 09:20:19,FastLAS,True
199,Genbuf,True,2,28,81,1,2.0,2,2,3.0,3,3,1,0,0,0,0,6.191307783126831,Realizable,../Translators/output-files/rq_files/genbuf_05_normalised_dropped_fixed142.spectra,2022-10-05 09:20:19,FastLAS,False
200,Genbuf,False,2,28,81,1,2.0,2,2,3.0,3,3,1,0,0,0,0,6.932684898376465,Realizable,../Translators/output-files/rq_files/genbuf_05_normalised_dropped_fixed143.spectra,2022-10-05 09:20:19,FastLAS,True
201,Genbuf,False,2,28,81,1,2.0,2,2,3.0,3,3,1,0,0,0,0,6.207373142242432,Realizable,../Translators/output-files/rq_files/genbuf_05_normalised_dropped_fixed144.spectra,2022-10-05 09:20:19,FastLAS,False
